Activity type,Duration,From,To,Comment
None,02:23,2018-11-20 13:29,2018-11-20 15:52,
Move,00:21,2018-11-20 13:07,2018-11-20 13:29,
AEP 4210,01:54,2018-11-20 11:13,2018-11-20 13:07,
Move,00:07,2018-11-20 11:05,2018-11-20 11:13,
AEP 4210,01:25,2018-11-20 09:40,2018-11-20 11:05,
Move,00:12,2018-11-20 09:27,2018-11-20 09:40,
Eat,00:14,2018-11-20 09:12,2018-11-20 09:27,
Upkeep,00:54,2018-11-20 08:18,2018-11-20 09:12,
Sleep,07:38,2018-11-20 00:40,2018-11-20 08:18,
None,00:27,2018-11-20 00:12,2018-11-20 00:40,
Fun,01:59,2018-11-19 22:13,2018-11-20 00:12,
None,00:40,2018-11-19 21:32,2018-11-19 22:13,
Upkeep,00:17,2018-11-19 21:15,2018-11-19 21:32,
Recreate,01:10,2018-11-19 20:04,2018-11-19 21:15,
Experiment,01:12,2018-11-19 18:51,2018-11-19 20:03,
None,00:32,2018-11-19 18:18,2018-11-19 18:51,
Eat,00:28,2018-11-19 17:50,2018-11-19 18:18,
None,00:16,2018-11-19 17:33,2018-11-19 17:50,
None,00:08,2018-11-19 17:25,2018-11-19 17:33,
Move,00:13,2018-11-19 17:11,2018-11-19 17:25,
None,00:06,2018-11-19 17:05,2018-11-19 17:11,
AEP 4210,00:49,2018-11-19 16:15,2018-11-19 17:05,
Move,00:13,2018-11-19 16:02,2018-11-19 16:15,
AEP 4210,01:29,2018-11-19 14:32,2018-11-19 16:02,
Move,00:13,2018-11-19 14:19,2018-11-19 14:32,
ASIAN 3352,00:54,2018-11-19 13:25,2018-11-19 14:19,
AEP 4210,03:46,2018-11-19 09:38,2018-11-19 13:25,
Move,00:17,2018-11-19 09:20,2018-11-19 09:38,
Eat,00:33,2018-11-19 08:47,2018-11-19 09:20,
Upkeep,00:35,2018-11-19 08:12,2018-11-19 08:47,
Sleep,06:48,2018-11-19 01:23,2018-11-19 08:12,
None,00:36,2018-11-19 00:47,2018-11-19 01:23,
AEP 4210,01:00,2018-11-18 23:47,2018-11-19 00:47,
None,01:03,2018-11-18 22:44,2018-11-18 23:47,
AguaClara,00:09,2018-11-18 22:34,2018-11-18 22:44,
Organize,00:39,2018-11-18 21:55,2018-11-18 22:34,
AEP 4210,02:04,2018-11-18 19:51,2018-11-18 21:55,
AEP 4210,00:51,2018-11-18 19:00,2018-11-18 19:51,
Eat,00:46,2018-11-18 18:13,2018-11-18 19:00,
AEP 4210,00:43,2018-11-18 17:30,2018-11-18 18:13,
Upkeep,00:16,2018-11-18 17:13,2018-11-18 17:30,
AEP 4210,00:26,2018-11-18 16:47,2018-11-18 17:13,
None,01:43,2018-11-18 15:04,2018-11-18 16:47,
Move,00:06,2018-11-18 14:57,2018-11-18 15:04,
Move,00:07,2018-11-18 14:50,2018-11-18 14:57,
Upkeep,00:20,2018-11-18 14:30,2018-11-18 14:50,
Move,00:13,2018-11-18 14:16,2018-11-18 14:30,
None,00:19,2018-11-18 13:56,2018-11-18 14:15,
Sleep,02:16,2018-11-18 11:40,2018-11-18 13:56,
None,00:30,2018-11-18 11:10,2018-11-18 11:40,
Eat,00:45,2018-11-18 10:25,2018-11-18 11:10,
Upkeep,00:11,2018-11-18 10:14,2018-11-18 10:25,
Upkeep,00:19,2018-11-18 09:55,2018-11-18 10:14,
None,00:36,2018-11-18 09:18,2018-11-18 09:55,
Sleep,08:14,2018-11-18 01:03,2018-11-18 09:18,
None,01:11,2018-11-17 23:51,2018-11-18 01:03,
CS 3110,01:46,2018-11-17 22:05,2018-11-17 23:51,
None,00:44,2018-11-17 21:20,2018-11-17 22:05,
Fun,01:38,2018-11-17 19:42,2018-11-17 21:20,
None,00:11,2018-11-17 19:31,2018-11-17 19:42,
Eat,00:21,2018-11-17 19:10,2018-11-17 19:31,
None,00:39,2018-11-17 18:30,2018-11-17 19:10,
CS 3110,01:17,2018-11-17 17:13,2018-11-17 18:30,
None,00:13,2018-11-17 16:59,2018-11-17 17:13,
Move,00:12,2018-11-17 16:47,2018-11-17 16:59,
AguaClara,02:40,2018-11-17 14:06,2018-11-17 16:46,
Move,00:14,2018-11-17 13:51,2018-11-17 14:06,
None,00:56,2018-11-17 12:54,2018-11-17 13:51,
Move,00:07,2018-11-17 12:46,2018-11-17 12:54,
Build,00:44,2018-11-17 12:01,2018-11-17 12:46,
Move,00:13,2018-11-17 11:48,2018-11-17 12:01,
None,00:17,2018-11-17 11:30,2018-11-17 11:47,
None,00:15,2018-11-17 11:15,2018-11-17 11:30,
Eat,00:33,2018-11-17 10:41,2018-11-17 11:15,
Upkeep,00:31,2018-11-17 10:09,2018-11-17 10:41,
None,00:18,2018-11-17 09:51,2018-11-17 10:09,
Sleep,07:06,2018-11-17 02:44,2018-11-17 09:51,
None,01:07,2018-11-17 01:37,2018-11-17 02:44,
Fun,02:25,2018-11-16 23:11,2018-11-17 01:37,
CS 3110,00:59,2018-11-16 22:12,2018-11-16 23:11,
CS 3110,00:12,2018-11-16 22:00,2018-11-16 22:12,
None,01:55,2018-11-16 20:04,2018-11-16 22:00,
CS 3110,00:18,2018-11-16 19:45,2018-11-16 20:04,
Eat,00:45,2018-11-16 19:00,2018-11-16 19:45,
CS 3110,01:45,2018-11-16 17:14,2018-11-16 19:00,
None,00:05,2018-11-16 17:08,2018-11-16 17:14,
None,00:23,2018-11-16 16:45,2018-11-16 17:08,
Move,00:09,2018-11-16 16:35,2018-11-16 16:45,
AguaClara,00:55,2018-11-16 15:40,2018-11-16 16:35,
Move,00:10,2018-11-16 15:30,2018-11-16 15:40,
Recreate,00:57,2018-11-16 14:32,2018-11-16 15:30,
Move,00:12,2018-11-16 14:19,2018-11-16 14:32,
ASIAN 3352,00:49,2018-11-16 13:30,2018-11-16 14:19,
Move,00:08,2018-11-16 13:21,2018-11-16 13:30,
CS 3110,00:53,2018-11-16 12:28,2018-11-16 13:21,
ASIAN 3352,00:39,2018-11-16 11:48,2018-11-16 12:28,
None,00:14,2018-11-16 11:34,2018-11-16 11:48,
None,00:00,2018-11-16 11:33,2018-11-16 11:34,
None,00:20,2018-11-16 11:13,2018-11-16 11:33,
Eat,00:40,2018-11-16 10:32,2018-11-16 11:13,
None,00:15,2018-11-16 10:17,2018-11-16 10:32,
None,00:22,2018-11-16 09:55,2018-11-16 10:17,
Upkeep,00:08,2018-11-16 09:46,2018-11-16 09:55,
Upkeep,00:26,2018-11-16 09:20,2018-11-16 09:46,
Sleep,07:24,2018-11-16 01:55,2018-11-16 09:20,
None,00:13,2018-11-16 01:42,2018-11-16 01:55,
None,04:12,2018-11-15 21:30,2018-11-16 01:42,
Sleep,01:30,2018-11-15 20:00,2018-11-15 21:30,
None,00:40,2018-11-15 19:19,2018-11-15 20:00,
CS 3110,00:44,2018-11-15 18:35,2018-11-15 19:19,
Eat,00:37,2018-11-15 17:58,2018-11-15 18:35,
CS 3110,02:51,2018-11-15 15:06,2018-11-15 17:58,
Move,00:13,2018-11-15 14:53,2018-11-15 15:06,
AguaClara,01:17,2018-11-15 13:35,2018-11-15 14:53,
Move,00:08,2018-11-15 13:27,2018-11-15 13:35,
CS 3110,01:50,2018-11-15 11:36,2018-11-15 13:27,
None,00:28,2018-11-15 11:08,2018-11-15 11:36,
None,00:18,2018-11-15 10:50,2018-11-15 11:08,
Eat,00:27,2018-11-15 10:23,2018-11-15 10:50,
Upkeep,00:29,2018-11-15 09:53,2018-11-15 10:22,
Sleep,06:56,2018-11-15 02:56,2018-11-15 09:53,
None,02:39,2018-11-15 00:17,2018-11-15 02:56,
None,00:18,2018-11-14 23:57,2018-11-15 00:16,
CS 3110,01:56,2018-11-14 22:00,2018-11-14 23:57,
CS 3110,02:40,2018-11-14 19:20,2018-11-14 22:00,
None,00:18,2018-11-14 19:02,2018-11-14 19:20,
Eat,01:01,2018-11-14 18:00,2018-11-14 19:01,
None,00:08,2018-11-14 17:51,2018-11-14 18:00,
None,00:47,2018-11-14 17:05,2018-11-14 17:52,
Move,00:12,2018-11-14 16:52,2018-11-14 17:05,
Recreate,01:07,2018-11-14 15:45,2018-11-14 16:52,
Move,00:11,2018-11-14 15:34,2018-11-14 15:45,
CS 3110,01:00,2018-11-14 14:33,2018-11-14 15:33,
Move,00:14,2018-11-14 14:19,2018-11-14 14:33,
ASIAN 3352,00:57,2018-11-14 13:21,2018-11-14 14:18,
CS 3110,00:50,2018-11-14 12:30,2018-11-14 13:21,
ASIAN 3352,01:48,2018-11-14 10:42,2018-11-14 12:30,
Move,00:26,2018-11-14 10:15,2018-11-14 10:42,
Eat,00:21,2018-11-14 09:54,2018-11-14 10:15,
Upkeep,00:51,2018-11-14 09:02,2018-11-14 09:54,
Sleep,07:43,2018-11-14 01:18,2018-11-14 09:02,
None,00:51,2018-11-14 00:27,2018-11-14 01:18,
CS 3110,01:56,2018-11-13 22:30,2018-11-14 00:27,
None,00:19,2018-11-13 22:11,2018-11-13 22:30,
None,00:16,2018-11-13 21:55,2018-11-13 22:11,
Move,00:08,2018-11-13 21:46,2018-11-13 21:55,
AEP 4210,02:19,2018-11-13 19:27,2018-11-13 21:46,
AEP 4210,00:17,2018-11-13 19:10,2018-11-13 19:27,
Move,00:12,2018-11-13 18:57,2018-11-13 19:10,
Eat,00:18,2018-11-13 18:39,2018-11-13 18:57,
AEP 4210,00:49,2018-11-13 17:49,2018-11-13 18:39,
Sleep,00:28,2018-11-13 17:20,2018-11-13 17:49,
AEP 4210,02:10,2018-11-13 15:10,2018-11-13 17:20,
Upkeep,00:10,2018-11-13 15:00,2018-11-13 15:10,
Move,00:16,2018-11-13 14:43,2018-11-13 15:00,
AguaClara,01:04,2018-11-13 13:38,2018-11-13 14:43,
Move,00:09,2018-11-13 13:29,2018-11-13 13:38,
COMET,00:59,2018-11-13 12:30,2018-11-13 13:29,
COMET,00:52,2018-11-13 11:37,2018-11-13 12:30,
AEP 4210,00:12,2018-11-13 11:24,2018-11-13 11:37,
Move,00:05,2018-11-13 11:18,2018-11-13 11:24,
None,00:15,2018-11-13 11:03,2018-11-13 11:18,
AEP 4210,01:08,2018-11-13 09:55,2018-11-13 11:03,
None,00:13,2018-11-13 09:41,2018-11-13 09:55,
Move,00:10,2018-11-13 09:31,2018-11-13 09:41,
Eat,00:20,2018-11-13 09:11,2018-11-13 09:31,
Upkeep,00:14,2018-11-13 08:56,2018-11-13 09:11,
None,00:11,2018-11-13 08:45,2018-11-13 08:56,
Sleep,08:15,2018-11-13 00:30,2018-11-13 08:45,
None,01:58,2018-11-12 22:31,2018-11-13 00:30,
CS 3110,00:55,2018-11-12 21:35,2018-11-12 22:31,
None,00:30,2018-11-12 21:05,2018-11-12 21:35,
Move,00:10,2018-11-12 20:55,2018-11-12 21:05,
AguaClara,01:20,2018-11-12 19:34,2018-11-12 20:55,
Move,00:02,2018-11-12 19:31,2018-11-12 19:34,
None,00:21,2018-11-12 19:10,2018-11-12 19:31,
Organize,00:05,2018-11-12 19:05,2018-11-12 19:10,
None,00:19,2018-11-12 18:45,2018-11-12 19:05,
AguaClara,00:43,2018-11-12 18:02,2018-11-12 18:45,
Move,00:11,2018-11-12 17:51,2018-11-12 18:02,
Recreate,01:18,2018-11-12 16:32,2018-11-12 17:51,
Move,00:12,2018-11-12 16:20,2018-11-12 16:32,
None,00:20,2018-11-12 16:00,2018-11-12 16:20,
Sleep,04:00,2018-11-12 12:00,2018-11-12 16:00,
None,01:09,2018-11-12 10:50,2018-11-12 12:00,
Eat,00:51,2018-11-12 09:59,2018-11-12 10:50,
Upkeep,00:29,2018-11-12 09:30,2018-11-12 09:59,
Sleep,09:30,2018-11-12 00:00,2018-11-12 09:30,
None,03:23,2018-11-11 20:35,2018-11-11 23:59,
CS 3110,00:55,2018-11-11 19:39,2018-11-11 20:35,
CS 3110,00:19,2018-11-11 19:20,2018-11-11 19:39,
None,00:40,2018-11-11 18:40,2018-11-11 19:20,
Eat,00:31,2018-11-11 18:08,2018-11-11 18:40,
None,00:21,2018-11-11 17:46,2018-11-11 18:08,
None,00:17,2018-11-11 17:30,2018-11-11 17:47,
Sleep,00:30,2018-11-11 17:00,2018-11-11 17:30,
None,00:32,2018-11-11 16:27,2018-11-11 17:00,
AguaClara,02:20,2018-11-11 14:06,2018-11-11 16:27,
Eat,00:35,2018-11-11 13:30,2018-11-11 14:05,
None,00:34,2018-11-11 12:55,2018-11-11 13:30,
None,00:10,2018-11-11 12:45,2018-11-11 12:55,
Sleep,05:15,2018-11-11 07:30,2018-11-11 12:45,
None,02:00,2018-11-11 05:30,2018-11-11 07:30,
Sleep,03:00,2018-11-11 02:30,2018-11-11 05:30,
None,00:20,2018-11-11 02:09,2018-11-11 02:30,
Fun,06:40,2018-11-10 19:29,2018-11-11 02:09,
CS 3110,02:40,2018-11-10 16:48,2018-11-10 19:29,
Experiment,00:15,2018-11-10 16:32,2018-11-10 16:48,
CS 3110,01:36,2018-11-10 14:55,2018-11-10 16:32,
CS 3110,01:58,2018-11-10 12:57,2018-11-10 14:55,
None,01:01,2018-11-10 11:55,2018-11-10 12:57,
Eat,00:35,2018-11-10 11:19,2018-11-10 11:55,
Upkeep,00:28,2018-11-10 10:51,2018-11-10 11:19,
None,00:29,2018-11-10 10:21,2018-11-10 10:51,
Sleep,09:35,2018-11-10 00:45,2018-11-10 10:21,
None,00:06,2018-11-10 00:39,2018-11-10 00:45,
Sleep,00:06,2018-11-10 00:33,2018-11-10 00:39,
None,01:51,2018-11-09 22:42,2018-11-10 00:33,
CS 3110,00:38,2018-11-09 22:03,2018-11-09 22:42,
None,02:35,2018-11-09 19:27,2018-11-09 22:03,
None,00:12,2018-11-09 19:15,2018-11-09 19:27,
Eat,00:06,2018-11-09 19:08,2018-11-09 19:15,
Eat,00:38,2018-11-09 18:30,2018-11-09 19:08,
None,00:16,2018-11-09 18:13,2018-11-09 18:30,
Sleep,00:28,2018-11-09 17:45,2018-11-09 18:13,
None,01:04,2018-11-09 16:40,2018-11-09 17:45,
Move,00:15,2018-11-09 16:25,2018-11-09 16:40,
AguaClara,00:50,2018-11-09 15:35,2018-11-09 16:25,
Move,00:05,2018-11-09 15:29,2018-11-09 15:35,
Recreate,01:01,2018-11-09 14:27,2018-11-09 15:29,
Move,00:08,2018-11-09 14:19,2018-11-09 14:27,
ASIAN 3352,00:50,2018-11-09 13:28,2018-11-09 14:18,
AEP 4210,01:11,2018-11-09 12:17,2018-11-09 13:28,
AEP 4210,00:07,2018-11-09 12:10,2018-11-09 12:17,
Move,00:11,2018-11-09 11:58,2018-11-09 12:10,
Eat,00:22,2018-11-09 11:36,2018-11-09 11:58,
None,00:08,2018-11-09 11:28,2018-11-09 11:36,
ASIAN 3352,01:51,2018-11-09 09:37,2018-11-09 11:28,
Upkeep,00:26,2018-11-09 09:11,2018-11-09 09:37,
Sleep,05:15,2018-11-09 03:55,2018-11-09 09:11,
None,01:11,2018-11-09 02:44,2018-11-09 03:55,
COMET,01:29,2018-11-09 01:14,2018-11-09 02:44,
COMET,02:50,2018-11-08 22:23,2018-11-09 01:14,
COMET,00:57,2018-11-08 21:26,2018-11-08 22:23,
CS 3110,00:50,2018-11-08 20:36,2018-11-08 21:26,
CS 3110,00:11,2018-11-08 20:25,2018-11-08 20:36,
None,01:01,2018-11-08 19:23,2018-11-08 20:25,
Eat,00:43,2018-11-08 18:40,2018-11-08 19:23,
None,00:19,2018-11-08 18:20,2018-11-08 18:40,
Sleep,02:01,2018-11-08 16:19,2018-11-08 18:20,
None,01:14,2018-11-08 15:04,2018-11-08 16:19,
None,00:09,2018-11-08 14:55,2018-11-08 15:04,
Move,00:09,2018-11-08 14:45,2018-11-08 14:55,
AguaClara,01:20,2018-11-08 13:25,2018-11-08 14:45,
Move,00:11,2018-11-08 13:13,2018-11-08 13:25,
None,01:07,2018-11-08 12:05,2018-11-08 13:13,
Eat,00:40,2018-11-08 11:25,2018-11-08 12:05,
Upkeep,00:39,2018-11-08 10:45,2018-11-08 11:25,
Sleep,02:09,2018-11-08 08:36,2018-11-08 10:45,
None,00:01,2018-11-08 08:34,2018-11-08 08:36,
Sleep,06:30,2018-11-08 02:04,2018-11-08 08:34,
None,02:33,2018-11-07 23:31,2018-11-08 02:04,
Organize,00:04,2018-11-07 23:27,2018-11-07 23:31,
None,00:04,2018-11-07 23:23,2018-11-07 23:27,
CS 3110,03:24,2018-11-07 19:58,2018-11-07 23:22,
CS 3110,00:23,2018-11-07 19:35,2018-11-07 19:58,
Organize,00:15,2018-11-07 19:19,2018-11-07 19:35,
Upkeep,00:06,2018-11-07 19:12,2018-11-07 19:19,
Eat,01:01,2018-11-07 18:11,2018-11-07 19:12,
Upkeep,00:30,2018-11-07 17:40,2018-11-07 18:11,
Upkeep,00:05,2018-11-07 17:35,2018-11-07 17:40,
Move,00:10,2018-11-07 17:25,2018-11-07 17:35,
Recreate,01:04,2018-11-07 16:20,2018-11-07 17:25,
Move,00:13,2018-11-07 16:07,2018-11-07 16:20,
CS 3110,01:33,2018-11-07 14:33,2018-11-07 16:07,
Move,00:07,2018-11-07 14:25,2018-11-07 14:33,
CS 3110,01:36,2018-11-07 12:49,2018-11-07 14:25,
CS 3110,00:09,2018-11-07 12:40,2018-11-07 12:49,
None,00:08,2018-11-07 12:31,2018-11-07 12:40,
Build,00:54,2018-11-07 11:36,2018-11-07 12:31,
Move,00:10,2018-11-07 11:26,2018-11-07 11:36,
Upkeep,00:10,2018-11-07 11:16,2018-11-07 11:26,
ASIAN 3352,02:28,2018-11-07 08:48,2018-11-07 11:16,
ASIAN 3352,00:38,2018-11-07 08:10,2018-11-07 08:48,
Upkeep,00:19,2018-11-07 07:50,2018-11-07 08:10,
Sleep,05:50,2018-11-07 02:00,2018-11-07 07:50,
None,01:18,2018-11-07 00:41,2018-11-07 02:00,
ASIAN 3352,02:22,2018-11-06 22:18,2018-11-07 00:41,
ASIAN 3352,00:18,2018-11-06 22:00,2018-11-06 22:18,
CS 3110,00:55,2018-11-06 21:04,2018-11-06 22:00,
None,00:07,2018-11-06 20:56,2018-11-06 21:04,
ASIAN 3352,00:23,2018-11-06 20:32,2018-11-06 20:56,
None,00:34,2018-11-06 19:58,2018-11-06 20:32,
Sleep,00:57,2018-11-06 19:00,2018-11-06 19:57,
None,00:31,2018-11-06 18:29,2018-11-06 19:00,
Eat,00:24,2018-11-06 18:04,2018-11-06 18:28,
CS 3110,02:19,2018-11-06 15:44,2018-11-06 18:04,
CS 3110,00:29,2018-11-06 15:15,2018-11-06 15:44,
None,00:09,2018-11-06 15:05,2018-11-06 15:15,
Move,00:10,2018-11-06 14:54,2018-11-06 15:05,
AguaClara,01:27,2018-11-06 13:26,2018-11-06 14:54,
Move,00:10,2018-11-06 13:16,2018-11-06 13:26,
CS 3110,00:54,2018-11-06 12:21,2018-11-06 13:16,
Eat,00:21,2018-11-06 12:00,2018-11-06 12:21,
Upkeep,00:19,2018-11-06 11:40,2018-11-06 12:00,
Sleep,01:26,2018-11-06 10:13,2018-11-06 11:40,
None,00:21,2018-11-06 09:52,2018-11-06 10:13,
Sleep,07:24,2018-11-06 02:27,2018-11-06 09:52,
None,01:26,2018-11-06 01:01,2018-11-06 02:27,
CS 3110,01:27,2018-11-05 23:34,2018-11-06 01:01,
None,00:00,2018-11-05 23:33,2018-11-05 23:34,
CS 3110,02:01,2018-11-05 21:31,2018-11-05 23:33,
None,00:19,2018-11-05 21:12,2018-11-05 21:31,
Move,00:17,2018-11-05 20:55,2018-11-05 21:12,
AguaClara,01:28,2018-11-05 19:26,2018-11-05 20:55,
None,00:13,2018-11-05 19:13,2018-11-05 19:26,
Eat,00:34,2018-11-05 18:38,2018-11-05 19:13,
Move,00:20,2018-11-05 18:17,2018-11-05 18:38,
Recreate,01:05,2018-11-05 17:11,2018-11-05 18:17,
Move,00:10,2018-11-05 17:01,2018-11-05 17:11,
AEP 4210,01:13,2018-11-05 15:48,2018-11-05 17:01,
Move,00:12,2018-11-05 15:35,2018-11-05 15:48,
AEP 4210,01:07,2018-11-05 14:28,2018-11-05 15:35,
Move,00:10,2018-11-05 14:18,2018-11-05 14:28,
ASIAN 3352,00:52,2018-11-05 13:25,2018-11-05 14:17,
Move,00:14,2018-11-05 13:11,2018-11-05 13:25,
Eat,00:14,2018-11-05 12:57,2018-11-05 13:11,
ASIAN 3352,00:37,2018-11-05 12:19,2018-11-05 12:57,
ASIAN 3352,00:24,2018-11-05 11:55,2018-11-05 12:19,
AEP 4210,01:43,2018-11-05 10:11,2018-11-05 11:55,
Sleep,01:03,2018-11-05 09:08,2018-11-05 10:11,
None,00:01,2018-11-05 09:06,2018-11-05 09:08,
AEP 4210,01:03,2018-11-05 08:02,2018-11-05 09:06,
Eat,00:26,2018-11-05 07:35,2018-11-05 08:02,
Upkeep,00:20,2018-11-05 07:15,2018-11-05 07:35,
AEP 4210,00:02,2018-11-05 07:12,2018-11-05 07:15,
Organize,00:22,2018-11-05 06:50,2018-11-05 07:12,
Sleep,04:50,2018-11-05 02:00,2018-11-05 06:50,
None,05:00,2018-11-04 21:00,2018-11-05 02:00,
Sleep,02:30,2018-11-04 18:30,2018-11-04 21:00,
Eat,00:30,2018-11-04 18:00,2018-11-04 18:30,
Sleep,03:00,2018-11-04 15:00,2018-11-04 18:00,
None,02:32,2018-11-04 12:27,2018-11-04 15:00,
None,00:27,2018-11-04 12:00,2018-11-04 12:27,
Sleep,08:30,2018-11-04 03:30,2018-11-04 12:00,
Fun,07:37,2018-11-03 20:52,2018-11-04 03:30,
Sleep,00:22,2018-11-03 20:30,2018-11-03 20:52,
None,00:30,2018-11-03 20:00,2018-11-03 20:30,
CS 3110,00:55,2018-11-03 19:04,2018-11-03 20:00,
Upkeep,00:09,2018-11-03 18:55,2018-11-03 19:04,
Eat,00:25,2018-11-03 18:30,2018-11-03 18:55,
None,01:25,2018-11-03 17:04,2018-11-03 18:30,
AguaClara,02:50,2018-11-03 14:13,2018-11-03 17:04,
Upkeep,00:35,2018-11-03 13:38,2018-11-03 14:13,
Upkeep,00:23,2018-11-03 13:15,2018-11-03 13:38,
Move,00:13,2018-11-03 13:01,2018-11-03 13:15,
Recreate,02:31,2018-11-03 10:30,2018-11-03 13:01,
Move,00:15,2018-11-03 10:15,2018-11-03 10:30,
Eat,00:50,2018-11-03 09:25,2018-11-03 10:15,
Upkeep,00:14,2018-11-03 09:10,2018-11-03 09:25,
Sleep,07:55,2018-11-03 01:15,2018-11-03 09:10,
Fun,08:30,2018-11-02 16:44,2018-11-03 01:15,
Move,00:09,2018-11-02 16:35,2018-11-02 16:44,
Recreate,00:56,2018-11-02 15:38,2018-11-02 16:35,
Recreate,00:08,2018-11-02 15:30,2018-11-02 15:38,
Move,00:11,2018-11-02 15:18,2018-11-02 15:30,
COMET,00:28,2018-11-02 14:50,2018-11-02 15:18,
Move,00:15,2018-11-02 14:35,2018-11-02 14:50,
Eat,00:07,2018-11-02 14:27,2018-11-02 14:35,
ASIAN 3352,01:33,2018-11-02 12:54,2018-11-02 14:27,
COMET,03:43,2018-11-02 09:10,2018-11-02 12:54,
Upkeep,00:14,2018-11-02 08:56,2018-11-02 09:10,
Move,00:13,2018-11-02 08:42,2018-11-02 08:56,
Eat,00:30,2018-11-02 08:11,2018-11-02 08:42,
Upkeep,00:31,2018-11-02 07:40,2018-11-02 08:11,
Sleep,06:10,2018-11-02 01:30,2018-11-02 07:40,
None,01:49,2018-11-01 23:40,2018-11-02 01:30,
Upkeep,00:12,2018-11-01 23:27,2018-11-01 23:40,
COMET,01:22,2018-11-01 22:05,2018-11-01 23:27,
ASIAN 3352,00:03,2018-11-01 22:01,2018-11-01 22:05,
CS 3110,00:40,2018-11-01 21:20,2018-11-01 22:01,
Experiment,00:45,2018-11-01 20:34,2018-11-01 21:20,
Organize,00:52,2018-11-01 19:42,2018-11-01 20:34,
None,01:03,2018-11-01 18:38,2018-11-01 19:42,
Eat,00:33,2018-11-01 18:05,2018-11-01 18:38,
None,00:29,2018-11-01 17:35,2018-11-01 18:05,
None,00:35,2018-11-01 17:00,2018-11-01 17:35,
Sleep,01:00,2018-11-01 16:00,2018-11-01 17:00,
None,00:58,2018-11-01 15:01,2018-11-01 16:00,
Move,00:10,2018-11-01 14:51,2018-11-01 15:01,
AguaClara,01:31,2018-11-01 13:19,2018-11-01 14:51,
Move,00:06,2018-11-01 13:13,2018-11-01 13:19,
None,00:19,2018-11-01 12:54,2018-11-01 13:13,
None,00:24,2018-11-01 12:30,2018-11-01 12:54,
Eat,00:52,2018-11-01 11:37,2018-11-01 12:30,
None,00:31,2018-11-01 11:06,2018-11-01 11:37,
Sleep,00:41,2018-11-01 10:25,2018-11-01 11:06,
None,00:47,2018-11-01 09:37,2018-11-01 10:24,
Upkeep,00:06,2018-11-01 09:30,2018-11-01 09:37,
Upkeep,00:05,2018-11-01 09:25,2018-11-01 09:30,
Sleep,07:25,2018-11-01 02:00,2018-11-01 09:25,
None,03:58,2018-10-31 22:01,2018-11-01 02:00,
None,00:11,2018-10-31 21:50,2018-10-31 22:01,
Upkeep,00:20,2018-10-31 21:30,2018-10-31 21:50,
Recreate,00:44,2018-10-31 20:45,2018-10-31 21:30,
None,00:36,2018-10-31 20:08,2018-10-31 20:45,
Sleep,00:27,2018-10-31 19:41,2018-10-31 20:08,
Sleep,03:00,2018-10-31 16:41,2018-10-31 19:41,
None,00:36,2018-10-31 16:05,2018-10-31 16:41,
None,00:12,2018-10-31 15:52,2018-10-31 16:04,
None,00:07,2018-10-31 15:45,2018-10-31 15:52,
Move,00:12,2018-10-31 15:33,2018-10-31 15:45,
Move,00:10,2018-10-31 15:23,2018-10-31 15:33,
CS 3110,00:54,2018-10-31 14:28,2018-10-31 15:23,
Move,00:10,2018-10-31 14:18,2018-10-31 14:28,
ASIAN 3352,00:52,2018-10-31 13:25,2018-10-31 14:18,
CS 3110,00:20,2018-10-31 13:04,2018-10-31 13:25,
Move,00:09,2018-10-31 12:55,2018-10-31 13:04,
Eat,00:04,2018-10-31 12:50,2018-10-31 12:55,
Eat,00:15,2018-10-31 12:35,2018-10-31 12:50,
Move,00:09,2018-10-31 12:25,2018-10-31 12:35,
Build,00:55,2018-10-31 11:30,2018-10-31 12:25,
Move,00:12,2018-10-31 11:17,2018-10-31 11:30,
CS 3110,04:42,2018-10-31 06:34,2018-10-31 11:17,
Work,10:25,2018-10-30 20:09,2018-10-31 06:34,
None,00:33,2018-10-30 19:36,2018-10-30 20:09,
Sleep,00:31,2018-10-30 19:05,2018-10-30 19:36,
None,00:53,2018-10-30 18:11,2018-10-30 19:05,
Eat,00:26,2018-10-30 17:45,2018-10-30 18:11,
Move,00:08,2018-10-30 17:36,2018-10-30 17:45,
Experiment,01:03,2018-10-30 16:32,2018-10-30 17:36,
Work,01:39,2018-10-30 14:52,2018-10-30 16:32,
Move,00:08,2018-10-30 14:44,2018-10-30 14:52,
AguaClara,01:14,2018-10-30 13:30,2018-10-30 14:44,
Move,00:08,2018-10-30 13:21,2018-10-30 13:30,
Work,02:07,2018-10-30 11:15,2018-10-30 13:22,
Move,00:05,2018-10-30 11:09,2018-10-30 11:15,
Move,00:04,2018-10-30 11:05,2018-10-30 11:09,
Organize,00:25,2018-10-30 10:40,2018-10-30 11:05,
Work,01:35,2018-10-30 09:04,2018-10-30 10:40,
Move,00:03,2018-10-30 09:01,2018-10-30 09:04,
Build,00:18,2018-10-30 08:42,2018-10-30 09:01,
Move,00:08,2018-10-30 08:33,2018-10-30 08:42,
Eat,00:18,2018-10-30 08:15,2018-10-30 08:33,
Upkeep,00:26,2018-10-30 07:48,2018-10-30 08:15,
None,00:12,2018-10-30 07:35,2018-10-30 07:48,
Sleep,08:51,2018-10-29 22:45,2018-10-30 07:36,
None,01:05,2018-10-29 21:40,2018-10-29 22:45,
Upkeep,00:37,2018-10-29 21:02,2018-10-29 21:39,
Move,00:12,2018-10-29 20:50,2018-10-29 21:02,
AguaClara,01:23,2018-10-29 19:26,2018-10-29 20:50,
Organize,00:13,2018-10-29 19:12,2018-10-29 19:26,
Move,00:07,2018-10-29 19:04,2018-10-29 19:12,
Upkeep,00:24,2018-10-29 18:40,2018-10-29 19:04,
Move,00:11,2018-10-29 18:28,2018-10-29 18:40,
Experiment,00:00,2018-10-29 18:28,2018-10-29 18:28,
Recreate,01:08,2018-10-29 17:19,2018-10-29 18:28,
Move,00:10,2018-10-29 17:09,2018-10-29 17:19,
AEP 4210,00:44,2018-10-29 16:25,2018-10-29 17:09,
Move,00:10,2018-10-29 16:15,2018-10-29 16:25,
AEP 4210,01:50,2018-10-29 14:25,2018-10-29 16:15,
Move,00:10,2018-10-29 14:15,2018-10-29 14:25,
ASIAN 3352,00:50,2018-10-29 13:25,2018-10-29 14:15,
Move,00:15,2018-10-29 13:10,2018-10-29 13:25,
AEP 4210,03:40,2018-10-29 09:30,2018-10-29 13:10,
Upkeep,00:30,2018-10-29 09:00,2018-10-29 09:30,
Sleep,08:30,2018-10-29 00:30,2018-10-29 09:00,
ASIAN 3352,01:00,2018-10-28 23:30,2018-10-29 00:30,
None,06:00,2018-10-28 17:30,2018-10-28 23:30,
AguaClara,02:09,2018-10-28 15:20,2018-10-28 17:30,
Work,01:03,2018-10-28 14:17,2018-10-28 15:20,
Upkeep,00:18,2018-10-28 13:58,2018-10-28 14:17,
Upkeep,00:23,2018-10-28 13:35,2018-10-28 13:58,
Sleep,09:45,2018-10-28 03:00,2018-10-28 12:45,
Fun,06:00,2018-10-27 21:00,2018-10-28 03:00,
None,01:48,2018-10-27 19:11,2018-10-27 21:00,
Fun,00:41,2018-10-27 18:30,2018-10-27 19:11,
Reflect,02:02,2018-10-27 16:27,2018-10-27 18:30,
None,01:32,2018-10-27 14:55,2018-10-27 16:27,
Sleep,00:20,2018-10-27 14:35,2018-10-27 14:55,
None,00:12,2018-10-27 14:22,2018-10-27 14:35,
None,00:22,2018-10-27 14:00,2018-10-27 14:22,
Upkeep,00:45,2018-10-27 13:15,2018-10-27 14:00,
Move,00:15,2018-10-27 13:00,2018-10-27 13:15,
Recreate,02:30,2018-10-27 10:30,2018-10-27 13:00,
Move,00:15,2018-10-27 10:15,2018-10-27 10:30,
Upkeep,00:35,2018-10-27 09:39,2018-10-27 10:15,
Sleep,09:44,2018-10-26 23:55,2018-10-27 09:39,
Fun,05:37,2018-10-26 18:17,2018-10-26 23:55,
Fun,01:47,2018-10-26 16:30,2018-10-26 18:17,
Recreate,01:02,2018-10-26 15:27,2018-10-26 16:30,
COMET,00:17,2018-10-26 15:10,2018-10-26 15:27,
Recreate,00:14,2018-10-26 14:55,2018-10-26 15:10,
Move,00:01,2018-10-26 14:54,2018-10-26 14:55,
Move,00:14,2018-10-26 14:40,2018-10-26 14:54,
Organize,00:05,2018-10-26 14:34,2018-10-26 14:40,
Move,00:06,2018-10-26 14:27,2018-10-26 14:34,
None,00:02,2018-10-26 14:25,2018-10-26 14:27,
ASIAN 3352,01:02,2018-10-26 13:23,2018-10-26 14:25,
Move,00:09,2018-10-26 13:13,2018-10-26 13:22,
Upkeep,00:13,2018-10-26 13:00,2018-10-26 13:13,
None,00:09,2018-10-26 12:51,2018-10-26 13:00,
ASIAN 3352,01:14,2018-10-26 11:37,2018-10-26 12:51,
COMET,00:11,2018-10-26 11:25,2018-10-26 11:37,
ASIAN 3352,00:14,2018-10-26 11:10,2018-10-26 11:25,
None,00:05,2018-10-26 11:05,2018-10-26 11:10,
COMET,01:05,2018-10-26 10:00,2018-10-26 11:05,
None,00:15,2018-10-26 09:44,2018-10-26 10:00,
Upkeep,00:46,2018-10-26 08:57,2018-10-26 09:44,
Sleep,06:57,2018-10-26 02:00,2018-10-26 08:57,
None,02:27,2018-10-25 23:32,2018-10-26 02:00,
Fun,00:16,2018-10-25 23:15,2018-10-25 23:32,
Fun,00:30,2018-10-25 22:45,2018-10-25 23:15,
None,00:25,2018-10-25 22:19,2018-10-25 22:45,
CS 3110,01:36,2018-10-25 20:42,2018-10-25 22:19,
CS 3110,00:42,2018-10-25 20:00,2018-10-25 20:42,
None,01:00,2018-10-25 19:00,2018-10-25 20:00,
Upkeep,00:36,2018-10-25 18:23,2018-10-25 19:00,
None,00:24,2018-10-25 17:58,2018-10-25 18:23,
Sleep,02:58,2018-10-25 15:00,2018-10-25 17:58,
Move,00:10,2018-10-25 14:49,2018-10-25 15:00,
AguaClara,01:20,2018-10-25 13:29,2018-10-25 14:49,
Move,00:10,2018-10-25 13:18,2018-10-25 13:29,
Sleep,00:48,2018-10-25 12:30,2018-10-25 13:18,
None,01:00,2018-10-25 11:30,2018-10-25 12:30,
ASIAN 3352,01:04,2018-10-25 10:25,2018-10-25 11:30,
Upkeep,00:28,2018-10-25 09:57,2018-10-25 10:25,
ASIAN 3352,00:43,2018-10-25 09:14,2018-10-25 09:57,
Upkeep,00:14,2018-10-25 08:59,2018-10-25 09:14,
Sleep,08:29,2018-10-25 00:30,2018-10-25 08:59,
None,01:07,2018-10-24 23:22,2018-10-25 00:30,
CS 3110,00:36,2018-10-24 22:46,2018-10-24 23:22,
CS 3110,01:00,2018-10-24 21:46,2018-10-24 22:46,
None,01:01,2018-10-24 20:44,2018-10-24 21:46,
CS 3110,00:18,2018-10-24 20:25,2018-10-24 20:44,
CS 3110,01:25,2018-10-24 19:00,2018-10-24 20:25,
None,00:56,2018-10-24 18:03,2018-10-24 19:00,
Sleep,00:27,2018-10-24 17:35,2018-10-24 18:02,
None,00:41,2018-10-24 16:53,2018-10-24 17:35,
Move,00:15,2018-10-24 16:37,2018-10-24 16:53,
Recreate,00:53,2018-10-24 15:44,2018-10-24 16:37,
Move,00:14,2018-10-24 15:29,2018-10-24 15:44,
CS 3110,00:44,2018-10-24 14:44,2018-10-24 15:29,
CS 3110,00:14,2018-10-24 14:30,2018-10-24 14:44,
Move,00:10,2018-10-24 14:19,2018-10-24 14:30,
Move,00:04,2018-10-24 14:15,2018-10-24 14:19,
ASIAN 3352,00:45,2018-10-24 13:30,2018-10-24 14:15,
CS 3110,00:19,2018-10-24 13:10,2018-10-24 13:30,
ASIAN 3352,00:26,2018-10-24 12:44,2018-10-24 13:10,
Move,00:11,2018-10-24 12:33,2018-10-24 12:44,
Build,01:00,2018-10-24 11:32,2018-10-24 12:33,
CS 3110,01:11,2018-10-24 10:20,2018-10-24 11:32,
ASIAN 3352,00:21,2018-10-24 09:59,2018-10-24 10:20,
Move,00:11,2018-10-24 09:47,2018-10-24 09:58,
Upkeep,00:48,2018-10-24 08:58,2018-10-24 09:47,
Sleep,01:27,2018-10-24 07:31,2018-10-24 08:58,
None,00:08,2018-10-24 07:23,2018-10-24 07:31,
None,00:03,2018-10-24 07:20,2018-10-24 07:23,
Sleep,07:40,2018-10-23 23:40,2018-10-24 07:20,
None,01:22,2018-10-23 22:17,2018-10-23 23:40,
None,01:16,2018-10-23 21:01,2018-10-23 22:17,
Move,00:09,2018-10-23 20:52,2018-10-23 21:01,
None,00:14,2018-10-23 20:37,2018-10-23 20:52,
COMET,02:49,2018-10-23 17:48,2018-10-23 20:37,
COMET,01:13,2018-10-23 16:35,2018-10-23 17:48,
CS 3110,01:11,2018-10-23 15:23,2018-10-23 16:35,
Organize,00:15,2018-10-23 15:07,2018-10-23 15:23,
Move,00:15,2018-10-23 14:51,2018-10-23 15:07,
AguaClara,01:30,2018-10-23 13:20,2018-10-23 14:51,
Move,00:10,2018-10-23 13:10,2018-10-23 13:20,
None,00:47,2018-10-23 12:22,2018-10-23 13:10,
COMET,00:32,2018-10-23 11:50,2018-10-23 12:22,
Sleep,01:30,2018-10-23 10:20,2018-10-23 11:50,
None,01:18,2018-10-23 09:01,2018-10-23 10:20,
Upkeep,00:25,2018-10-23 08:36,2018-10-23 09:01,
Sleep,00:35,2018-10-23 08:00,2018-10-23 08:35,
Sleep,08:01,2018-10-22 23:59,2018-10-23 08:00,
None,00:51,2018-10-22 23:07,2018-10-22 23:59,
CS 3110,01:01,2018-10-22 22:00,2018-10-22 23:02,
None,00:21,2018-10-22 21:39,2018-10-22 22:00,
Move,00:21,2018-10-22 21:17,2018-10-22 21:39,
AguaClara,02:13,2018-10-22 19:04,2018-10-22 21:17,
Upkeep,00:49,2018-10-22 18:15,2018-10-22 19:04,
Move,00:11,2018-10-22 18:03,2018-10-22 18:15,
Recreate,00:52,2018-10-22 17:10,2018-10-22 18:03,
Move,00:08,2018-10-22 17:01,2018-10-22 17:10,
AEP 4210,01:26,2018-10-22 15:35,2018-10-22 17:01,
Move,00:13,2018-10-22 15:21,2018-10-22 15:35,
AEP 4210,00:15,2018-10-22 15:06,2018-10-22 15:21,
AEP 4210,00:36,2018-10-22 14:30,2018-10-22 15:06,
Move,00:10,2018-10-22 14:19,2018-10-22 14:30,
ASIAN 3352,01:01,2018-10-22 13:18,2018-10-22 14:19,
Move,00:18,2018-10-22 13:00,2018-10-22 13:18,
ASIAN 3352,00:42,2018-10-22 12:17,2018-10-22 13:00,
AEP 4210,03:36,2018-10-22 08:41,2018-10-22 12:17,
None,00:12,2018-10-22 08:28,2018-10-22 08:41,
Upkeep,00:30,2018-10-22 08:00,2018-10-22 08:30,
Sleep,09:30,2018-10-21 22:30,2018-10-22 08:00,
None,04:20,2018-10-21 18:09,2018-10-21 22:30,
AguaClara,03:04,2018-10-21 15:05,2018-10-21 18:09,
Work,04:31,2018-10-21 10:33,2018-10-21 15:05,
Sleep,06:28,2018-10-21 04:05,2018-10-21 10:33,
None,01:00,2018-10-21 03:04,2018-10-21 04:05,
Work,03:04,2018-10-21 00:00,2018-10-21 03:04,
None,05:58,2018-10-20 18:01,2018-10-20 23:59,
Sleep,03:00,2018-10-20 15:01,2018-10-20 18:01,
None,01:56,2018-10-20 13:04,2018-10-20 15:01,
None,00:00,2018-10-20 13:03,2018-10-20 13:04,
None,00:13,2018-10-20 12:50,2018-10-20 13:03,
Move,00:16,2018-10-20 12:33,2018-10-20 12:50,
Recreate,01:56,2018-10-20 10:37,2018-10-20 12:33,
Move,00:16,2018-10-20 10:20,2018-10-20 10:37,
Upkeep,00:20,2018-10-20 10:00,2018-10-20 10:20,
None,00:14,2018-10-20 09:45,2018-10-20 10:00,
None,00:15,2018-10-20 09:30,2018-10-20 09:45,
Sleep,06:00,2018-10-20 03:30,2018-10-20 09:30,
Fun,10:39,2018-10-19 16:50,2018-10-20 03:30,
None,00:37,2018-10-19 16:13,2018-10-19 16:50,
Upkeep,00:25,2018-10-19 15:48,2018-10-19 16:13,
Move,00:16,2018-10-19 15:31,2018-10-19 15:48,
Recreate,00:54,2018-10-19 14:36,2018-10-19 15:31,
Move,00:17,2018-10-19 14:19,2018-10-19 14:36,
ASIAN 3352,00:49,2018-10-19 13:30,2018-10-19 14:19,
Work,00:51,2018-10-19 12:39,2018-10-19 13:30,
AEP 4210,00:07,2018-10-19 12:31,2018-10-19 12:39,
CS 3110,01:52,2018-10-19 10:39,2018-10-19 12:31,
Move,00:13,2018-10-19 10:25,2018-10-19 10:39,
Upkeep,00:25,2018-10-19 10:00,2018-10-19 10:25,
Move,00:04,2018-10-19 09:55,2018-10-19 10:00,
Upkeep,01:15,2018-10-19 08:39,2018-10-19 09:55,
Sleep,06:35,2018-10-19 02:04,2018-10-19 08:39,
None,00:30,2018-10-19 01:33,2018-10-19 02:04,
Work,01:48,2018-10-18 23:45,2018-10-19 01:33,
CS 3110,01:29,2018-10-18 22:15,2018-10-18 23:45,
Work,02:10,2018-10-18 20:04,2018-10-18 22:15,
None,00:57,2018-10-18 19:06,2018-10-18 20:04,
Fun,00:16,2018-10-18 18:50,2018-10-18 19:06,
Fun,00:40,2018-10-18 18:10,2018-10-18 18:50,
ASIAN 3352,00:58,2018-10-18 17:11,2018-10-18 18:10,
None,01:22,2018-10-18 15:48,2018-10-18 17:11,
Sleep,00:18,2018-10-18 15:30,2018-10-18 15:48,
None,00:33,2018-10-18 14:56,2018-10-18 15:30,
Move,00:11,2018-10-18 14:44,2018-10-18 14:56,
AguaClara,01:12,2018-10-18 13:32,2018-10-18 14:44,
Move,00:18,2018-10-18 13:13,2018-10-18 13:31,
ASIAN 3352,00:05,2018-10-18 13:08,2018-10-18 13:13,
CS 3110,00:14,2018-10-18 12:53,2018-10-18 13:08,
Build,01:21,2018-10-18 11:32,2018-10-18 12:53,
Build,00:12,2018-10-18 11:20,2018-10-18 11:32,
CS 3110,00:06,2018-10-18 11:13,2018-10-18 11:20,
CS 3110,00:03,2018-10-18 11:10,2018-10-18 11:13,
Move,00:04,2018-10-18 11:05,2018-10-18 11:10,
CS 3110,00:55,2018-10-18 10:10,2018-10-18 11:05,
Move,00:08,2018-10-18 10:01,2018-10-18 10:10,
CS 3110,00:26,2018-10-18 09:35,2018-10-18 10:01,
Upkeep,00:46,2018-10-18 08:48,2018-10-18 09:35,
Sleep,07:31,2018-10-18 01:17,2018-10-18 08:48,
None,00:45,2018-10-18 00:31,2018-10-18 01:17,
CS 3110,05:11,2018-10-17 19:19,2018-10-18 00:31,
None,00:48,2018-10-17 18:31,2018-10-17 19:19,
Sleep,00:27,2018-10-17 18:03,2018-10-17 18:31,
None,00:46,2018-10-17 17:17,2018-10-17 18:03,
None,00:11,2018-10-17 17:06,2018-10-17 17:17,
Move,00:15,2018-10-17 16:50,2018-10-17 17:06,
Recreate,00:50,2018-10-17 16:00,2018-10-17 16:50,
Move,00:20,2018-10-17 15:40,2018-10-17 16:00,
CS 3110,01:10,2018-10-17 14:30,2018-10-17 15:40,
Move,00:12,2018-10-17 14:17,2018-10-17 14:30,
ASIAN 3352,00:59,2018-10-17 13:17,2018-10-17 14:17,
Move,00:03,2018-10-17 13:14,2018-10-17 13:17,
CS 3110,00:45,2018-10-17 12:28,2018-10-17 13:14,
Move,00:04,2018-10-17 12:24,2018-10-17 12:28,
Build,00:52,2018-10-17 11:31,2018-10-17 12:24,
Move,00:11,2018-10-17 11:20,2018-10-17 11:31,
None,00:06,2018-10-17 11:13,2018-10-17 11:20,
Sleep,00:22,2018-10-17 10:50,2018-10-17 11:13,
ASIAN 3352,00:07,2018-10-17 10:42,2018-10-17 10:50,
ASIAN 3352,00:27,2018-10-17 10:15,2018-10-17 10:42,
None,00:06,2018-10-17 10:08,2018-10-17 10:15,
None,00:33,2018-10-17 09:35,2018-10-17 10:08,
Upkeep,00:47,2018-10-17 08:47,2018-10-17 09:35,
Sleep,07:36,2018-10-17 01:11,2018-10-17 08:47,
None,00:44,2018-10-17 00:26,2018-10-17 01:11,
CS 3110,01:00,2018-10-16 23:26,2018-10-17 00:26,
CS 3110,04:53,2018-10-16 18:32,2018-10-16 23:26,
None,01:01,2018-10-16 17:31,2018-10-16 18:32,
Upkeep,00:21,2018-10-16 17:10,2018-10-16 17:31,
None,00:28,2018-10-16 16:41,2018-10-16 17:10,
Sleep,00:41,2018-10-16 16:00,2018-10-16 16:41,
None,00:38,2018-10-16 15:21,2018-10-16 16:00,
Build,00:12,2018-10-16 15:08,2018-10-16 15:21,
None,00:01,2018-10-16 15:06,2018-10-16 15:08,
Move,00:17,2018-10-16 14:48,2018-10-16 15:06,
AguaClara,01:19,2018-10-16 13:27,2018-10-16 14:46,
Move,00:05,2018-10-16 13:21,2018-10-16 13:26,
Build,01:24,2018-10-16 11:56,2018-10-16 13:21,
Build,00:43,2018-10-16 11:12,2018-10-16 11:56,
Move,00:10,2018-10-16 11:01,2018-10-16 11:12,
Build,01:00,2018-10-16 10:00,2018-10-16 11:00,
Move,00:21,2018-10-16 09:38,2018-10-16 10:00,
CS 3110,00:44,2018-10-16 08:53,2018-10-16 09:38,
Move,00:14,2018-10-16 08:38,2018-10-16 08:53,
Upkeep,00:54,2018-10-16 07:44,2018-10-16 08:38,
Upkeep,00:09,2018-10-16 07:35,2018-10-16 07:44,
Sleep,08:05,2018-10-15 23:30,2018-10-16 07:35,
None,00:40,2018-10-15 22:49,2018-10-15 23:30,
None,01:06,2018-10-15 21:43,2018-10-15 22:49,
Organize,00:34,2018-10-15 21:08,2018-10-15 21:43,
Upkeep,00:34,2018-10-15 20:34,2018-10-15 21:08,
Move,00:09,2018-10-15 20:24,2018-10-15 20:34,
AguaClara,00:53,2018-10-15 19:30,2018-10-15 20:24,
Move,00:06,2018-10-15 19:24,2018-10-15 19:30,
None,01:48,2018-10-15 17:35,2018-10-15 19:24,
Sleep,00:09,2018-10-15 17:26,2018-10-15 17:35,
None,00:04,2018-10-15 17:21,2018-10-15 17:25,
Upkeep,00:29,2018-10-15 16:51,2018-10-15 17:21,
Move,00:13,2018-10-15 16:38,2018-10-15 16:51,
Recreate,00:45,2018-10-15 15:52,2018-10-15 16:38,
Move,00:12,2018-10-15 15:39,2018-10-15 15:52,
AEP 4210,01:19,2018-10-15 14:20,2018-10-15 15:39,
ASIAN 3352,00:57,2018-10-15 13:22,2018-10-15 14:20,
Move,00:11,2018-10-15 13:11,2018-10-15 13:22,
Upkeep,00:50,2018-10-15 12:20,2018-10-15 13:11,
AEP 4210,01:32,2018-10-15 10:48,2018-10-15 12:20,
Sleep,00:28,2018-10-15 10:19,2018-10-15 10:48,
None,00:06,2018-10-15 10:13,2018-10-15 10:19,
AEP 4210,03:47,2018-10-15 06:26,2018-10-15 10:13,
Sleep,06:57,2018-10-14 23:28,2018-10-15 06:26,
None,01:50,2018-10-14 21:38,2018-10-14 23:28,
Sleep,01:40,2018-10-14 19:57,2018-10-14 21:38,
None,00:27,2018-10-14 19:29,2018-10-14 19:57,
Fun,01:05,2018-10-14 18:24,2018-10-14 19:29,
None,01:04,2018-10-14 17:19,2018-10-14 18:24,
Move,00:16,2018-10-14 17:02,2018-10-14 17:19,
COMET,00:48,2018-10-14 16:14,2018-10-14 17:02,
COMET,01:44,2018-10-14 14:30,2018-10-14 16:14,
Build,00:45,2018-10-14 13:44,2018-10-14 14:30,
Experiment,06:09,2018-10-14 07:35,2018-10-14 13:44,
Upkeep,00:29,2018-10-14 07:05,2018-10-14 07:34,
Sleep,06:05,2018-10-14 01:00,2018-10-14 07:05,
None,03:25,2018-10-13 21:34,2018-10-14 01:00,
None,01:04,2018-10-13 20:30,2018-10-13 21:34,
Sleep,01:00,2018-10-13 19:30,2018-10-13 20:30,
None,01:03,2018-10-13 18:26,2018-10-13 19:30,
None,00:06,2018-10-13 18:20,2018-10-13 18:26,
Move,00:15,2018-10-13 18:05,2018-10-13 18:20,
Experiment,00:35,2018-10-13 17:30,2018-10-13 18:05,
Move,00:19,2018-10-13 17:10,2018-10-13 17:30,
None,00:11,2018-10-13 16:58,2018-10-13 17:10,
AguaClara,02:48,2018-10-13 14:09,2018-10-13 16:58,
Upkeep,00:29,2018-10-13 13:40,2018-10-13 14:09,
Upkeep,00:25,2018-10-13 13:15,2018-10-13 13:40,
Move,00:15,2018-10-13 13:00,2018-10-13 13:15,
Recreate,02:30,2018-10-13 10:30,2018-10-13 13:00,
Move,00:12,2018-10-13 10:17,2018-10-13 10:30,
None,00:35,2018-10-13 09:42,2018-10-13 10:17,
Upkeep,00:11,2018-10-13 09:30,2018-10-13 09:41,
Sleep,03:37,2018-10-13 05:52,2018-10-13 09:30,
Sleep,05:22,2018-10-13 00:30,2018-10-13 05:52,
None,04:39,2018-10-12 19:50,2018-10-13 00:30,
Fun,01:00,2018-10-12 18:50,2018-10-12 19:50,
None,01:00,2018-10-12 17:49,2018-10-12 18:50,
Move,00:14,2018-10-12 17:35,2018-10-12 17:49,
Experiment,03:15,2018-10-12 14:20,2018-10-12 17:35,
ASIAN 3352,00:42,2018-10-12 13:37,2018-10-12 14:19,
Move,00:13,2018-10-12 13:23,2018-10-12 13:37,
Upkeep,00:24,2018-10-12 12:59,2018-10-12 13:23,
Recreate,00:54,2018-10-12 12:04,2018-10-12 12:59,
COMET,02:34,2018-10-12 09:30,2018-10-12 12:04,
None,00:27,2018-10-12 09:02,2018-10-12 09:30,
Upkeep,00:14,2018-10-12 08:47,2018-10-12 09:02,
Sleep,08:07,2018-10-12 00:40,2018-10-12 08:47,
None,02:46,2018-10-11 21:53,2018-10-12 00:40,
CS 3110,02:26,2018-10-11 19:27,2018-10-11 21:53,
None,00:34,2018-10-11 18:52,2018-10-11 19:27,
None,01:00,2018-10-11 17:51,2018-10-11 18:52,
CS 3110,02:20,2018-10-11 15:30,2018-10-11 17:51,
CS 3110,00:30,2018-10-11 15:00,2018-10-11 15:30,
Move,00:15,2018-10-11 14:44,2018-10-11 15:00,
AguaClara,01:16,2018-10-11 13:27,2018-10-11 14:44,
Move,00:12,2018-10-11 13:14,2018-10-11 13:27,
CS 3110,00:07,2018-10-11 13:07,2018-10-11 13:14,
CS 3110,00:00,2018-10-11 13:06,2018-10-11 13:07,
CS 3110,00:46,2018-10-11 12:20,2018-10-11 13:06,
Move,00:10,2018-10-11 12:09,2018-10-11 12:20,
None,00:54,2018-10-11 11:14,2018-10-11 12:09,
Sleep,00:46,2018-10-11 10:28,2018-10-11 11:14,
CS 3110,00:26,2018-10-11 10:02,2018-10-11 10:28,
Upkeep,00:39,2018-10-11 09:22,2018-10-11 10:01,
None,00:23,2018-10-11 08:58,2018-10-11 09:22,
Sleep,07:45,2018-10-11 01:13,2018-10-11 08:58,
None,01:07,2018-10-11 00:05,2018-10-11 01:13,
CS 3110,00:49,2018-10-10 23:15,2018-10-11 00:05,
None,01:03,2018-10-10 22:12,2018-10-10 23:15,
Move,00:25,2018-10-10 21:45,2018-10-10 22:11,
Fun,00:43,2018-10-10 21:02,2018-10-10 21:45,
Move,00:15,2018-10-10 20:47,2018-10-10 21:02,
None,00:26,2018-10-10 20:21,2018-10-10 20:47,
AguaClara,01:10,2018-10-10 19:10,2018-10-10 20:21,
None,01:39,2018-10-10 17:31,2018-10-10 19:10,
Sleep,01:14,2018-10-10 16:16,2018-10-10 17:31,
None,00:21,2018-10-10 15:55,2018-10-10 16:16,
Move,00:27,2018-10-10 15:27,2018-10-10 15:55,
AguaClara,00:39,2018-10-10 14:47,2018-10-10 15:27,
CS 3110,00:00,2018-10-10 14:47,2018-10-10 14:47,
Move,00:29,2018-10-10 14:17,2018-10-10 14:47,
ASIAN 3352,00:57,2018-10-10 13:20,2018-10-10 14:17,
Build,02:56,2018-10-10 10:24,2018-10-10 13:20,
Upkeep,00:53,2018-10-10 09:30,2018-10-10 10:24,
AEP 3610,00:24,2018-10-10 09:05,2018-10-10 09:30,
Build,00:25,2018-10-10 08:40,2018-10-10 09:05,
Move,00:10,2018-10-10 08:29,2018-10-10 08:40,
Upkeep,00:57,2018-10-10 07:31,2018-10-10 08:29,
Sleep,02:34,2018-10-10 04:56,2018-10-10 07:31,
None,00:17,2018-10-10 04:39,2018-10-10 04:56,
AEP 3610,02:48,2018-10-10 01:50,2018-10-10 04:39,
None,00:18,2018-10-10 01:31,2018-10-10 01:50,
AEP 3610,01:22,2018-10-10 00:09,2018-10-10 01:31,
None,00:00,2018-10-10 00:09,2018-10-10 00:09,
None,00:22,2018-10-09 23:46,2018-10-10 00:09,
AEP 3610,01:18,2018-10-09 22:28,2018-10-09 23:46,
Upkeep,00:31,2018-10-09 21:56,2018-10-09 22:28,
AEP 3610,00:58,2018-10-09 20:58,2018-10-09 21:56,
None,00:26,2018-10-09 20:32,2018-10-09 20:58,
AEP 3610,01:25,2018-10-09 19:07,2018-10-09 20:32,
None,00:06,2018-10-09 19:00,2018-10-09 19:07,
Upkeep,00:17,2018-10-09 18:43,2018-10-09 19:00,
AEP 3610,05:10,2018-10-09 13:32,2018-10-09 18:42,
None,00:30,2018-10-09 13:02,2018-10-09 13:32,
AEP 3610,02:13,2018-10-09 10:48,2018-10-09 13:02,
Sleep,00:11,2018-10-09 10:30,2018-10-09 10:42,
None,01:30,2018-10-09 09:00,2018-10-09 10:30,
Sleep,07:15,2018-10-09 01:44,2018-10-09 09:00,
None,01:10,2018-10-09 00:34,2018-10-09 01:44,
CS 3110,03:33,2018-10-08 21:00,2018-10-09 00:34,
None,00:38,2018-10-08 20:21,2018-10-08 21:00,
Sleep,00:29,2018-10-08 19:52,2018-10-08 20:21,
CS 3110,02:11,2018-10-08 17:40,2018-10-08 19:52,
None,01:57,2018-10-08 15:43,2018-10-08 17:40,
Upkeep,00:27,2018-10-08 15:16,2018-10-08 15:43,
Move,00:00,2018-10-08 15:16,2018-10-08 15:16,
Recreate,01:00,2018-10-08 14:16,2018-10-08 15:16,
Move,00:09,2018-10-08 14:06,2018-10-08 14:16,
None,01:06,2018-10-08 13:00,2018-10-08 14:06,
Sleep,11:00,2018-10-08 02:00,2018-10-08 13:00,
Fun,03:00,2018-10-07 23:00,2018-10-08 02:00,
None,12:00,2018-10-07 11:00,2018-10-07 23:00,
Sleep,08:00,2018-10-07 03:00,2018-10-07 11:00,
Fun,09:20,2018-10-06 17:39,2018-10-07 03:00,
None,06:35,2018-10-06 11:03,2018-10-06 17:39,
Organize,00:43,2018-10-06 10:19,2018-10-06 11:03,
None,00:35,2018-10-06 09:44,2018-10-06 10:19,
Upkeep,00:17,2018-10-06 09:27,2018-10-06 09:44,
Sleep,08:05,2018-10-06 01:21,2018-10-06 09:27,
None,02:10,2018-10-05 23:11,2018-10-06 01:21,
CS 3110,01:12,2018-10-05 21:58,2018-10-05 23:10,
Build,03:25,2018-10-05 18:32,2018-10-05 21:58,
None,00:10,2018-10-05 18:22,2018-10-05 18:32,
Sleep,00:17,2018-10-05 18:05,2018-10-05 18:22,
Build,00:46,2018-10-05 17:19,2018-10-05 18:05,
Upkeep,00:10,2018-10-05 17:08,2018-10-05 17:19,
Move,00:11,2018-10-05 16:57,2018-10-05 17:08,
Build,01:01,2018-10-05 15:55,2018-10-05 16:56,
ASIAN 3352,01:22,2018-10-05 14:32,2018-10-05 15:54,
Move,00:11,2018-10-05 14:20,2018-10-05 14:32,
ASIAN 3352,00:54,2018-10-05 13:25,2018-10-05 14:20,
Move,00:11,2018-10-05 13:13,2018-10-05 13:25,
ASIAN 3352,00:43,2018-10-05 12:30,2018-10-05 13:13,
COMET,00:31,2018-10-05 11:58,2018-10-05 12:30,
ASIAN 3352,02:38,2018-10-05 09:20,2018-10-05 11:58,
COMET,00:10,2018-10-05 09:09,2018-10-05 09:20,
ASIAN 3352,00:21,2018-10-05 08:48,2018-10-05 09:09,
Upkeep,00:34,2018-10-05 08:14,2018-10-05 08:48,
Sleep,07:14,2018-10-05 01:00,2018-10-05 08:14,
None,00:45,2018-10-05 00:14,2018-10-05 01:00,
Fun,00:57,2018-10-04 23:16,2018-10-05 00:14,
Fun,02:33,2018-10-04 20:42,2018-10-04 23:16,
ASIAN 3352,00:13,2018-10-04 20:28,2018-10-04 20:42,
COMET,04:35,2018-10-04 15:53,2018-10-04 20:28,
Upkeep,00:54,2018-10-04 14:58,2018-10-04 15:53,
Move,00:09,2018-10-04 14:48,2018-10-04 14:58,
AguaClara,01:13,2018-10-04 13:35,2018-10-04 14:48,
Move,00:09,2018-10-04 13:25,2018-10-04 13:35,
Sleep,01:26,2018-10-04 11:58,2018-10-04 13:25,
None,01:16,2018-10-04 10:41,2018-10-04 11:58,
Upkeep,00:13,2018-10-04 10:28,2018-10-04 10:41,
Sleep,02:23,2018-10-04 08:05,2018-10-04 10:28,
None,00:01,2018-10-04 08:03,2018-10-04 08:05,
Upkeep,00:06,2018-10-04 07:56,2018-10-04 08:03,
Sleep,07:01,2018-10-04 00:54,2018-10-04 07:56,
None,00:40,2018-10-04 00:13,2018-10-04 00:54,
AEP 3610,02:33,2018-10-03 21:40,2018-10-04 00:13,
CS 3110,00:39,2018-10-03 21:00,2018-10-03 21:40,
AEP 3610,01:06,2018-10-03 19:53,2018-10-03 21:00,
Organize,00:06,2018-10-03 19:47,2018-10-03 19:53,
None,00:34,2018-10-03 19:12,2018-10-03 19:46,
Fun,00:51,2018-10-03 18:20,2018-10-03 19:12,
None,01:06,2018-10-03 17:14,2018-10-03 18:20,
Upkeep,00:23,2018-10-03 16:50,2018-10-03 17:14,
Move,00:11,2018-10-03 16:38,2018-10-03 16:50,
Recreate,00:42,2018-10-03 15:55,2018-10-03 16:38,
Move,00:24,2018-10-03 15:31,2018-10-03 15:55,
CS 3110,01:06,2018-10-03 14:25,2018-10-03 15:31,
Move,00:09,2018-10-03 14:15,2018-10-03 14:24,
None,00:30,2018-10-03 13:45,2018-10-03 14:15,
Sleep,00:11,2018-10-03 13:34,2018-10-03 13:45,
None,00:20,2018-10-03 13:13,2018-10-03 13:34,
Move,00:32,2018-10-03 12:41,2018-10-03 13:13,
AEP 4210,00:10,2018-10-03 12:30,2018-10-03 12:40,
Build,01:00,2018-10-03 11:30,2018-10-03 12:30,
Move,00:10,2018-10-03 11:20,2018-10-03 11:30,
Upkeep,00:48,2018-10-03 10:31,2018-10-03 11:20,
Sleep,06:31,2018-10-03 04:00,2018-10-03 10:31,
None,00:36,2018-10-03 03:23,2018-10-03 04:00,
CS 3110,05:09,2018-10-02 22:13,2018-10-03 03:23,
Fun,00:23,2018-10-02 21:50,2018-10-02 22:13,
Move,00:09,2018-10-02 21:40,2018-10-02 21:50,
AEP 4210,02:13,2018-10-02 19:27,2018-10-02 21:40,
Move,00:19,2018-10-02 19:07,2018-10-02 19:27,
AEP 4210,02:22,2018-10-02 16:45,2018-10-02 19:07,
Move,00:12,2018-10-02 16:32,2018-10-02 16:45,
AEP 4210,00:49,2018-10-02 15:42,2018-10-02 16:32,
Upkeep,00:44,2018-10-02 14:57,2018-10-02 15:42,
AEP 4210,01:54,2018-10-02 13:03,2018-10-02 14:57,
Upkeep,00:13,2018-10-02 12:50,2018-10-02 13:03,
None,00:25,2018-10-02 12:24,2018-10-02 12:50,
Sleep,00:42,2018-10-02 11:42,2018-10-02 12:24,
None,01:19,2018-10-02 10:23,2018-10-02 11:42,
Upkeep,00:26,2018-10-02 09:56,2018-10-02 10:23,
Sleep,02:01,2018-10-02 07:55,2018-10-02 09:56,
Upkeep,00:05,2018-10-02 07:50,2018-10-02 07:55,
Sleep,07:18,2018-10-02 00:31,2018-10-02 07:50,
None,01:06,2018-10-01 23:25,2018-10-02 00:31,
Upkeep,00:04,2018-10-01 23:21,2018-10-01 23:25,
Build,01:36,2018-10-01 21:45,2018-10-01 23:21,CUAir
AguaClara,00:41,2018-10-01 21:03,2018-10-01 21:45,
Move,00:14,2018-10-01 20:49,2018-10-01 21:03,
AguaClara,01:17,2018-10-01 19:31,2018-10-01 20:49,
Move,00:08,2018-10-01 19:22,2018-10-01 19:31,
None,00:43,2018-10-01 18:38,2018-10-01 19:22,
AguaClara,00:11,2018-10-01 18:27,2018-10-01 18:38,
Experiment,00:47,2018-10-01 17:39,2018-10-01 18:27,
AguaClara,00:01,2018-10-01 17:38,2018-10-01 17:39,
Fun,00:16,2018-10-01 17:21,2018-10-01 17:37,
Upkeep,00:27,2018-10-01 16:54,2018-10-01 17:21,
Move,00:22,2018-10-01 16:31,2018-10-01 16:54,
Recreate,01:01,2018-10-01 15:30,2018-10-01 16:31,
Move,00:07,2018-10-01 15:22,2018-10-01 15:30,
CS 3110,00:50,2018-10-01 14:32,2018-10-01 15:22,
Move,00:14,2018-10-01 14:17,2018-10-01 14:32,
ASIAN 3352,01:01,2018-10-01 13:16,2018-10-01 14:17,
AEP 4210,00:57,2018-10-01 12:18,2018-10-01 13:16,
ASIAN 3352,00:19,2018-10-01 11:58,2018-10-01 12:18,
COMET,00:05,2018-10-01 11:53,2018-10-01 11:58,
COMET,00:07,2018-10-01 11:45,2018-10-01 11:53,
Move,00:18,2018-10-01 11:26,2018-10-01 11:45,
Upkeep,00:45,2018-10-01 10:41,2018-10-01 11:26,
None,00:37,2018-10-01 10:03,2018-10-01 10:41,
Sleep,01:29,2018-10-01 08:34,2018-10-01 10:03,
None,00:40,2018-10-01 07:53,2018-10-01 08:34,
Upkeep,00:08,2018-10-01 07:45,2018-10-01 07:53,
Sleep,09:12,2018-09-30 22:33,2018-10-01 07:45,
None,00:46,2018-09-30 21:46,2018-09-30 22:33,
Upkeep,00:05,2018-09-30 21:41,2018-09-30 21:46,
None,00:02,2018-09-30 21:38,2018-09-30 21:41,
CS 3110,00:38,2018-09-30 21:00,2018-09-30 21:38,
None,00:58,2018-09-30 20:01,2018-09-30 21:00,
Sleep,00:10,2018-09-30 19:49,2018-09-30 20:00,
Organize,00:26,2018-09-30 19:22,2018-09-30 19:48,
Reflect,01:13,2018-09-30 18:08,2018-09-30 19:21,
None,01:00,2018-09-30 17:07,2018-09-30 18:08,
Sleep,02:27,2018-09-30 14:39,2018-09-30 17:07,
None,00:42,2018-09-30 13:56,2018-09-30 14:39,
Move,00:16,2018-09-30 13:40,2018-09-30 13:56,
CS 3110,00:38,2018-09-30 13:02,2018-09-30 13:40,
Move,00:10,2018-09-30 12:51,2018-09-30 13:02,
Upkeep,00:44,2018-09-30 12:07,2018-09-30 12:51,
Upkeep,00:13,2018-09-30 11:53,2018-09-30 12:07,
None,00:31,2018-09-30 11:22,2018-09-30 11:53,
Upkeep,00:14,2018-09-30 11:07,2018-09-30 11:21,
Sleep,02:12,2018-09-30 08:55,2018-09-30 11:07,
None,01:10,2018-09-30 07:44,2018-09-30 08:55,
Upkeep,00:11,2018-09-30 07:33,2018-09-30 07:44,
Sleep,04:43,2018-09-30 02:49,2018-09-30 07:33,
None,00:15,2018-09-30 02:34,2018-09-30 02:49,
Fun,04:33,2018-09-29 22:00,2018-09-30 02:34,
Fun,01:05,2018-09-29 20:54,2018-09-29 22:00,
CS 3110,00:31,2018-09-29 20:23,2018-09-29 20:54,
Recreate,01:49,2018-09-29 18:32,2018-09-29 20:22,
None,01:41,2018-09-29 16:51,2018-09-29 18:32,
None,00:00,2018-09-29 16:51,2018-09-29 16:51,
None,00:12,2018-09-29 16:39,2018-09-29 16:51,
AguaClara,02:38,2018-09-29 14:00,2018-09-29 16:39,
Reflect,00:33,2018-09-29 13:27,2018-09-29 14:00,
None,01:23,2018-09-29 12:04,2018-09-29 13:27,
Sleep,01:21,2018-09-29 10:42,2018-09-29 12:04,
None,01:23,2018-09-29 09:18,2018-09-29 10:42,
Upkeep,00:20,2018-09-29 08:58,2018-09-29 09:18,
Sleep,07:24,2018-09-29 01:33,2018-09-29 08:58,
None,00:57,2018-09-29 00:36,2018-09-29 01:33,
Fun,07:47,2018-09-28 16:48,2018-09-29 00:36,
Fun,01:22,2018-09-28 15:25,2018-09-28 16:48,
CS 3110,00:35,2018-09-28 14:50,2018-09-28 15:25,
COMET,00:16,2018-09-28 14:34,2018-09-28 14:50,
Move,00:16,2018-09-28 14:18,2018-09-28 14:34,
ASIAN 3352,00:57,2018-09-28 13:20,2018-09-28 14:17,
Move,00:05,2018-09-28 13:14,2018-09-28 13:20,
COMET,00:52,2018-09-28 12:21,2018-09-28 13:14,
Move,00:10,2018-09-28 12:10,2018-09-28 12:21,
Recreate,01:02,2018-09-28 11:08,2018-09-28 12:10,
Move,00:09,2018-09-28 10:59,2018-09-28 11:08,
COMET,00:45,2018-09-28 10:13,2018-09-28 10:59,
Upkeep,00:13,2018-09-28 10:00,2018-09-28 10:13,
AEP 3610,00:52,2018-09-28 09:08,2018-09-28 10:00,lecture
None,00:13,2018-09-28 08:54,2018-09-28 09:08,
Move,00:12,2018-09-28 08:41,2018-09-28 08:54,Bethe to PSB
Upkeep,00:44,2018-09-28 07:57,2018-09-28 08:41,
Sleep,06:57,2018-09-28 00:59,2018-09-28 07:57,
None,00:21,2018-09-28 00:38,2018-09-28 00:59,
Upkeep,00:14,2018-09-28 00:24,2018-09-28 00:38,
AEP 3610,04:31,2018-09-27 19:51,2018-09-28 00:23,pset 5
AguaClara,00:47,2018-09-27 19:04,2018-09-27 19:51,
Fun,00:41,2018-09-27 18:22,2018-09-27 19:03,dinner
AguaClara,02:16,2018-09-27 16:05,2018-09-27 18:22,
Experiment,00:58,2018-09-27 15:07,2018-09-27 16:05,"""Pedialyte"""
Upkeep,00:32,2018-09-27 14:35,2018-09-27 15:07,lunch
AguaClara,04:00,2018-09-27 10:35,2018-09-27 14:35,
None,01:05,2018-09-27 09:30,2018-09-27 10:35,
Sleep,11:30,2018-09-26 22:00,2018-09-27 09:30,
None,01:00,2018-09-26 21:00,2018-09-26 22:00,
